epoch,iter,loss,loss_pose,loss_depth,loss_uv,mpjpe_body,pelvis_err,mpjpe_weighted
1,0,0.5801690220832825,0.32467472553253174,2.1361618041992188,0.2093905210494995,702.9144287109375,2227.07958984375,1205.8889318847655
1,1,0.609735369682312,0.32864633202552795,2.204632043838501,0.3031292259693146,702.0870971679688,2375.155517578125,1254.1996759033204
1,2,0.6037322282791138,0.30063942074775696,2.408505439758301,0.3112114369869232,666.2259521484375,2498.57275390625,1270.9003967285157
1,3,0.583877682685852,0.3338298797607422,1.9778938293457031,0.2612922191619873,729.5551147460938,2049.042236328125,1164.985864868164
1,4,0.5886954069137573,0.33264803886413574,2.1001739501953125,0.23014995455741882,738.719482421875,2169.215576171875,1210.783193359375
1,5,0.5865834951400757,0.3361396789550781,1.9489436149597168,0.27774712443351746,739.0616455078125,2025.1400146484375,1163.4675073242188
1,6,0.5578945875167847,0.31109848618507385,2.1149377822875977,0.17651167511940002,694.247802734375,2184.57421875,1186.0555200195313
1,7,0.5740427374839783,0.3191951811313629,1.9163389205932617,0.316068172454834,699.5646362304688,2002.60546875,1129.568110961914
1,8,0.5559656620025635,0.2662392258644104,2.4811134338378906,0.20807546377182007,574.6906127929688,2571.810791015625,1233.7402716064453
1,9,0.5564574599266052,0.29764118790626526,2.335172176361084,0.12649540603160858,635.6365356445312,2380.40673828125,1211.4107025146486
1,10,0.5173643231391907,0.31280073523521423,1.8049887418746948,0.12032370269298553,657.8071899414062,1928.8377685546875,1077.2472808837892
1,11,0.45034992694854736,0.23784126341342926,1.924129843711853,0.1004784107208252,528.2045288085938,2002.4779052734375,1014.7147430419923
1,12,0.4997505843639374,0.2607673704624176,2.005152702331543,0.19233965873718262,557.226318359375,2085.25927734375,1061.4771948242187
1,13,0.4980916380882263,0.2692357003688812,2.119520425796509,0.08451934903860092,574.2841796875,2221.0693359375,1117.7232812500001
1,14,0.4970164895057678,0.2668367922306061,1.907133936882019,0.19733154773712158,583.1536865234375,1965.8331298828125,1039.4379028320313
1,15,0.5267089605331421,0.26907727122306824,2.1232056617736816,0.22655567526817322,581.2066040039062,2185.654541015625,1110.6744232177734
1,16,0.4381487965583801,0.24355536699295044,1.6960771083831787,0.12492868304252625,556.7830810546875,1742.4073486328125,948.0390893554688
1,17,0.496393084526062,0.28190192580223083,1.841967225074768,0.1514720320701599,626.9053955078125,1905.9427490234375,1048.987722167969
1,18,0.4363083243370056,0.2564082741737366,1.6324799060821533,0.08326017111539841,577.2232055664062,1675.633056640625,939.6984564208984
1,19,0.4861220121383667,0.25079479813575745,1.977128267288208,0.18807196617126465,590.67041015625,2027.638427734375,1064.8698559570312
1,20,0.42217499017715454,0.24605156481266022,1.3854979276657104,0.1878681629896164,565.9111328125,1444.2091064453125,855.7494641113282
1,21,0.4741480350494385,0.2555297613143921,1.8926498889923096,0.14676636457443237,581.9306640625,1966.3243408203125,1038.7805773925782
1,22,0.4760010540485382,0.2697247564792633,1.766890525817871,0.1479361355304718,608.3731689453125,1828.36083984375,1010.969100341797
1,23,0.443778932094574,0.24566425383090973,1.6698081493377686,0.15566933155059814,577.1611328125,1748.1246337890625,963.5790881347657
1,24,0.36410218477249146,0.24679896235466003,0.6860111951828003,0.2435104101896286,571.9915771484375,791.4107666015625,644.3999096679688
1,25,0.39973869919776917,0.24889662861824036,1.1933890581130981,0.15751591324806213,572.8543701171875,1253.71240234375,797.5375207519531
1,26,0.39586785435676575,0.23658668994903564,1.2306456565856934,0.18108297884464264,547.2830200195312,1270.6378173828125,785.9901031494142
1,27,0.37895458936691284,0.23343442380428314,0.9746332168579102,0.24028420448303223,539.3225708007812,1019.4790649414062,697.7742138671875
1,28,0.4573726952075958,0.22100107371807098,1.7552175521850586,0.3042493164539337,499.6430358886719,1813.9481201171875,933.3637136840821
1,29,0.39134013652801514,0.2274404913187027,1.3064208030700684,0.16628766059875488,543.2965698242188,1356.504150390625,811.6550714111329
1,30,0.4474746584892273,0.2669751048088074,1.310811996459961,0.24709159135818481,594.6279296875,1350.074462890625,843.9252856445313
1,31,0.4318770170211792,0.2408038079738617,1.5305345058441162,0.19009891152381897,535.3627319335938,1572.021484375,877.4601202392578
1,32,0.31357240676879883,0.20903946459293365,0.49083173274993896,0.27724891901016235,486.4921569824219,602.7354736328125,524.8524514770507
1,33,0.32564836740493774,0.21197983622550964,0.8184083104133606,0.15913836658000946,481.5395202636719,872.3687744140625,610.5131741333008
1,34,0.4358913004398346,0.24207252264022827,1.4885034561157227,0.22484207153320312,532.2017822265625,1523.8785400390625,859.4551123046875
1,35,0.33065277338027954,0.2135949581861496,0.9237242341041565,0.1234268844127655,498.9687805175781,971.6834716796875,654.9646286010743
1,36,0.35604003071784973,0.21447448432445526,0.8052425980567932,0.3052065372467041,483.5403137207031,856.2371215820312,606.5302603149414
1,37,0.35152363777160645,0.23042641580104828,0.7264463901519775,0.24226287007331848,525.2037353515625,801.0735473632812,616.2407733154297
1,38,0.3280887007713318,0.2049843817949295,0.7504738569259644,0.240284726023674,486.02447509765625,811.0466918945312,593.2818066406251
1,39,0.31687110662460327,0.2149370014667511,0.6879665851593018,0.1656872034072876,499.4590148925781,729.6777954101562,575.4312124633789
1,40,0.29925695061683655,0.21723929047584534,0.5585315823554993,0.13082250952720642,496.6906433105469,597.2919311523438,529.8890682983399
1,41,0.28948622941970825,0.21397510170936584,0.4719628095626831,0.14157429337501526,493.5940246582031,509.44488525390625,498.8248086547852
1,42,0.30390292406082153,0.20637723803520203,0.4871164858341217,0.2440701723098755,471.3117980957031,587.5380249023438,509.6664529418946
1,43,0.3411322236061096,0.22711016237735748,0.6468703746795654,0.24667523801326752,519.41552734375,715.0960083007812,583.9900860595703
1,44,0.35229209065437317,0.22402365505695343,0.7482156753540039,0.26723432540893555,501.85858154296875,791.2058715820312,597.3431872558594
1,45,0.3524053692817688,0.22791282832622528,0.8009862899780273,0.22196954488754272,513.612548828125,844.7597045898438,622.8911102294923
1,46,0.34717658162117004,0.24476970732212067,0.7311334609985352,0.14646762609481812,565.739990234375,776.5296630859375,635.3005822753906
1,47,0.3146843910217285,0.2358403354883194,0.4496880769729614,0.16937628388404846,536.3828735351562,529.4027099609375,534.0794195556641
1,48,0.24692586064338684,0.19998738169670105,0.2217806875705719,0.1238020658493042,460.0411376953125,317.1893615722656,412.90005157470705
1,49,0.2626977860927582,0.22725209593772888,0.21414536237716675,0.07015575468540192,516.530517578125,272.7539978027344,436.0842660522461
1,50,0.3424791693687439,0.24591059982776642,0.6359777450561523,0.16485394537448883,543.3920288085938,695.077392578125,593.4481988525391
1,51,0.269059956073761,0.20434428751468658,0.3936467170715332,0.1267549693584442,464.64337158203125,492.279052734375,473.7631463623047
1,52,0.27252069115638733,0.22235596179962158,0.3447800278663635,0.078433558344841,513.919921875,388.83984375,472.64349609375
1,53,0.3264598846435547,0.23254872858524323,0.5521930456161499,0.19345921277999878,523.030029296875,620.34521484375,555.1440405273438
1,54,0.26390379667282104,0.22122056782245636,0.16633260250091553,0.13024979829788208,498.043701171875,277.54974365234375,425.2806951904297
1,55,0.32372891902923584,0.23754151165485382,0.4193606972694397,0.22125661373138428,518.9022827148438,547.3615112304688,528.293828125
1,56,0.30020952224731445,0.23800028860569,0.40619775652885437,0.10794736444950104,528.4199829101562,554.76806640625,537.1148504638672
1,57,0.2872433066368103,0.21823236346244812,0.46728837490081787,0.1114104762673378,497.2411193847656,535.8489990234375,509.98171966552735
1,58,0.2569847106933594,0.2078532874584198,0.25563758611679077,0.11783826351165771,481.04833984375,361.4161682128906,441.56972320556645
1,59,0.3128035366535187,0.21702027320861816,0.36578333377838135,0.29602473974227905,488.9642639160156,584.2686767578125,520.4147201538086
1,60,0.2539713978767395,0.20804773271083832,0.10168185830116272,0.17877742648124695,475.5477600097656,230.24606323242188,394.5982000732422
1,61,0.2689650356769562,0.21551306545734406,0.31957799196243286,0.1074708104133606,491.1678161621094,449.60479736328125,477.4520199584961
1,62,0.29282963275909424,0.2167225182056427,0.3258816599845886,0.2175946980714798,487.5226135253906,487.6885070800781,487.5773583984375
1,63,0.2838137447834015,0.22127752006053925,0.44275155663490295,0.09130540490150452,498.8164367675781,510.2181396484375,502.57899871826174
1,64,0.3056756258010864,0.22397181391716003,0.4857691824436188,0.16563445329666138,503.9207458496094,585.4374389648438,530.8212545776368
1,65,0.2843928337097168,0.20833376049995422,0.3995398283004761,0.18052555620670319,463.10113525390625,494.7072448730469,473.53115142822264
1,66,0.297370970249176,0.21868658065795898,0.5351107120513916,0.12586650252342224,486.5579528808594,598.5562744140625,523.5173989868165
1,67,0.3061070144176483,0.2162940800189972,0.7028951048851013,0.0976170152425766,511.16229248046875,792.7598876953125,604.0894989013673
1,68,0.28243428468704224,0.23235538601875305,0.20173144340515137,0.14952881634235382,504.59478759765625,330.1994323730469,447.0443203735352
1,69,0.30116474628448486,0.22031551599502563,0.5210651159286499,0.14371366798877716,499.0266418457031,628.2162475585938,541.659211730957
1,70,0.3159409463405609,0.22469307482242584,0.5133270025253296,0.19957581162452698,502.86822509765625,706.0108032226562,569.9052758789063
1,71,0.303406298160553,0.23684751987457275,0.4211714267730713,0.12220816314220428,525.2009887695312,515.8367309570312,522.1107836914063
1,72,0.2912119925022125,0.21599160134792328,0.3905906677246094,0.18080665171146393,490.37139892578125,507.85614013671875,496.14136352539066
1,73,0.2871708869934082,0.22214528918266296,0.49817198514938354,0.07604191452264786,520.6314697265625,562.343505859375,534.3964416503907
1,74,0.3040201961994171,0.21262571215629578,0.5325411558151245,0.19070179760456085,501.0436706542969,644.7261352539062,548.458883972168
1,75,0.2984446585178375,0.2363395243883133,0.23970173299312592,0.1906747817993164,527.4224243164062,369.75372314453125,475.3917529296875
1,76,0.2942538559436798,0.19236047565937042,0.7371516227722168,0.14089101552963257,464.6722412109375,818.8764038085938,581.5596148681641
1,77,0.2880796194076538,0.21566568315029144,0.4484426975250244,0.13784827291965485,483.4192810058594,546.4708251953125,504.22629058837896
1,78,0.2772449254989624,0.2090493142604828,0.34024643898010254,0.17085492610931396,491.84466552734375,482.7559509277344,488.84538970947267
1,79,0.24835199117660522,0.20595864951610565,0.212971031665802,0.10548119246959686,478.07073974609375,300.0535583496094,419.3250698852539
1,80,0.3141103982925415,0.2083355039358139,0.7110810875892639,0.17333389818668365,498.0419616699219,807.6270751953125,600.2050491333008
1,81,0.26063379645347595,0.19485272467136383,0.4885318875312805,0.08463943749666214,450.5260925292969,545.6449584960938,481.9153182983399
1,82,0.27634483575820923,0.19240625202655792,0.5845645070075989,0.1274106204509735,451.9931640625,646.297119140625,516.1134692382813
1,83,0.29283398389816284,0.21192438900470734,0.4140737056732178,0.197511225938797,495.716552734375,543.02685546875,511.3289526367188
1,84,0.2720116674900055,0.2133745551109314,0.3232552707195282,0.13155782222747803,488.4697570800781,461.3478088378906,479.5195141601563
1,85,0.29589205980300903,0.20786352455615997,0.530376136302948,0.17495453357696533,475.16400146484375,638.8289794921875,529.1734442138672
1,86,0.3029029369354248,0.2041763961315155,0.5580782890319824,0.21459361910820007,473.1783752441406,681.401611328125,541.8920431518555
1,87,0.283432275056839,0.20515137910842896,0.5985380411148071,0.09213557839393616,471.3317565917969,713.7628173828125,551.334006652832
1,88,0.2434135228395462,0.19345197081565857,0.3630862236022949,0.06826464831829071,436.5422668457031,411.12786865234375,428.1555154418945
1,89,0.2443849742412567,0.1877671480178833,0.40076375007629395,0.0827072262763977,438.9537658691406,517.3292846679688,464.817687072754
1,90,0.29005706310272217,0.22094304859638214,0.27384814620018005,0.20864596962928772,497.4747619628906,422.9751281738281,472.8898828125
1,91,0.2697601318359375,0.20010316371917725,0.3402823805809021,0.17814365029335022,459.2040710449219,499.09716796875,472.36879302978514
1,92,0.26803892850875854,0.17994582653045654,0.5465747714042664,0.1671781837940216,420.5475769042969,631.179443359375,490.0560928344727
1,93,0.2970368266105652,0.2269008904695511,0.36459627747535706,0.1683814376592636,510.9322814941406,541.7968139648438,521.1175772094728
1,94,0.28462955355644226,0.2071712166070938,0.5187101364135742,0.12793666124343872,467.5964660644531,578.520263671875,504.20131927490235
1,95,0.3280985355377197,0.21897834539413452,0.8063458204269409,0.1424279510974884,510.764892578125,937.1541137695312,651.4733355712891
1,96,0.25686773657798767,0.18931658565998077,0.4147934317588806,0.1303589642047882,455.3434753417969,524.5679321289062,478.187546081543
1,97,0.2546681761741638,0.1987924575805664,0.2708105742931366,0.14397338032722473,458.0826721191406,412.4367370605469,443.0195135498047
1,98,0.2730281352996826,0.22050733864307404,0.2001332938671112,0.16253729164600372,494.67608642578125,340.2083435058594,443.70173126220703
1,99,0.28016385436058044,0.2111009955406189,0.4489719271659851,0.1208283081650734,468.7926025390625,525.3602905273438,487.45993957519534
1,100,0.30316680669784546,0.21961654722690582,0.5310739278793335,0.15221425890922546,498.56756591796875,718.690673828125,571.2081915283204
1,101,0.2715965807437897,0.22827190160751343,0.11039352416992188,0.16142672300338745,508.4113464355469,248.0977020263672,422.5078437805176
1,102,0.2733425498008728,0.19783583283424377,0.41651463508605957,0.1692763715982437,457.74017333984375,509.4407653808594,474.80136871337896
1,103,0.27430832386016846,0.19221657514572144,0.5522524118423462,0.13433247804641724,449.819580078125,622.78466796875,506.8980590820313
1,104,0.2647700011730194,0.21330490708351135,0.28419381380081177,0.11522860080003738,473.3720703125,399.0821838378906,448.85640777587895
1,105,0.27224409580230713,0.20985811948776245,0.3345952332019806,0.1446322500705719,475.0026550292969,450.7173767089844,466.9885131835938
1,106,0.2613929510116577,0.21362005174160004,0.27465495467185974,0.10153697431087494,473.5286560058594,355.21319580078125,434.4845541381836
1,107,0.2607521116733551,0.19952963292598724,0.33960801362991333,0.13630840182304382,458.6133728027344,433.14166259765625,450.20770843505863
1,108,0.24730399250984192,0.1924869418144226,0.26964619755744934,0.13926216959953308,445.3769226074219,351.08941650390625,414.26204559326175
1,109,0.25838515162467957,0.21441809833049774,0.2730799615383148,0.08329519629478455,483.2091979980469,356.8126525878906,441.4983380126953
1,110,0.23739083111286163,0.18964819610118866,0.37144869565963745,0.052988819777965546,447.1690979003906,416.90380859375,437.18155242919926
1,111,0.24484403431415558,0.19918102025985718,0.2655850946903229,0.09552256762981415,460.18017578125,359.0306396484375,426.80082885742195
1,112,0.26427969336509705,0.2063450813293457,0.4186268746852875,0.08035951107740402,468.67681884765625,484.7904968261719,473.9943325805664
1,113,0.26862356066703796,0.2080032080411911,0.3672337234020233,0.11948488652706146,462.32171630859375,486.7581787109375,470.38574890136726
1,114,0.23290519416332245,0.18784448504447937,0.30035221576690674,0.07512737810611725,428.1042785644531,352.4540100097656,403.13968994140623
1,115,0.27612900733947754,0.20526713132858276,0.35706061124801636,0.1757790744304657,467.7445068359375,465.7861022949219,467.09823333740235
1,116,0.27704042196273804,0.2135697603225708,0.2087303102016449,0.21298810839653015,468.04949951171875,406.4405212402344,447.71853668212896
1,117,0.25313106179237366,0.19389744102954865,0.3718329071998596,0.11025156080722809,437.549072265625,444.17510986328125,439.7356646728516
1,118,0.23955459892749786,0.20687155425548553,0.18100664019584656,0.07291193306446075,465.50537109375,230.98439025878906,388.11344741821296
1,119,0.24265557527542114,0.19579310715198517,0.25969845056533813,0.10446307808160782,449.8708190917969,335.98687744140625,412.28911834716797
1,120,0.25562795996665955,0.19066277146339417,0.33121269941329956,0.15921954810619354,443.7710266113281,439.1518859863281,442.24671020507816
1,121,0.2589530646800995,0.2019195854663849,0.2436600923538208,0.1633373200893402,458.3384094238281,348.23724365234375,422.00502471923835
1,122,0.26392751932144165,0.2065889835357666,0.3677809238433838,0.10280214995145798,472.94976806640625,438.2906494140625,461.51225891113285
1,123,0.24325264990329742,0.18560516834259033,0.26174527406692505,0.15736472606658936,437.8522644042969,369.48834228515625,415.29217010498047
1,124,0.2785915732383728,0.19960838556289673,0.4594271183013916,0.16520234942436218,462.4298400878906,585.6353759765625,503.08766693115234
1,125,0.25461456179618835,0.19827085733413696,0.39491182565689087,0.08426257967948914,454.87799072265625,447.04644775390625,452.2935815429688
1,126,0.27240440249443054,0.20703859627246857,0.41939908266067505,0.11712942272424698,469.81005859375,501.3490295410156,480.2179190063477
1,127,0.22411566972732544,0.19862878322601318,0.09431114792823792,0.0802789106965065,453.7649230957031,176.29710388183594,362.20054275512695
1,128,0.23078198730945587,0.19870412349700928,0.13261717557907104,0.09408068656921387,468.12310791015625,205.4827880859375,381.4518023681641
1,129,0.22508573532104492,0.20661568641662598,0.027518395334482193,0.07859103381633759,471.2209777832031,133.70465087890625,359.8405899047852
1,130,0.2655196189880371,0.20702506601810455,0.39541172981262207,0.09476689994335175,470.98883056640625,453.49334716796875,465.2153210449219
1,131,0.24242214858531952,0.19258379936218262,0.2762213349342346,0.11108104884624481,453.1596984863281,321.67291259765625,409.76905914306644
1,132,0.28948771953582764,0.20801667869091034,0.5212278366088867,0.14674130082130432,488.1854553222656,649.7230224609375,541.4928524780273
1,133,0.26031795144081116,0.2144899070262909,0.17065474390983582,0.14381282031536102,496.53314208984375,267.0448913574219,420.80201934814454
1,134,0.2584840655326843,0.2069927304983139,0.3393482565879822,0.08778247982263565,471.85906982421875,388.4327697753906,444.3283908081055
1,135,0.2684679329395294,0.2008800059556961,0.36298710107803345,0.15644609928131104,478.4018859863281,438.48516845703125,465.2293692016602
1,136,0.2527404725551605,0.1832970231771469,0.46553468704223633,0.11444979161024094,436.51123046875,534.2608642578125,468.76860961914065
1,137,0.29306018352508545,0.1860049068927765,0.7814863920211792,0.14453314244747162,438.73309326171875,822.3896484375,565.3397564697266
1,138,0.2419096976518631,0.19493676722049713,0.1837010383605957,0.14301414787769318,467.491943359375,384.2502136230469,440.02217254638674
1,139,0.2606605887413025,0.19833970069885254,0.3938426375389099,0.11468306183815002,450.292724609375,464.08575439453125,454.8444244384766
1,140,0.24287137389183044,0.20120210945606232,0.19896292686462402,0.10886479914188385,471.980712890625,291.9472961425781,412.56968536376957
1,141,0.25899428129196167,0.20226696133613586,0.43830710649490356,0.06448298692703247,473.80645751953125,475.2440490722656,474.2808627319336
1,142,0.284145712852478,0.20073477923870087,0.4188222885131836,0.207643523812294,471.2878112792969,534.053466796875,492.0004776000977
1,143,0.24636255204677582,0.1916462630033493,0.2829723358154297,0.13209527730941772,445.910400390625,329.7425842285156,407.57502105712894
1,144,0.2764968276023865,0.19175304472446442,0.7187342643737793,0.06435178965330124,442.4689025878906,775.9373168945312,552.5134793090821
1,145,0.23936256766319275,0.1878526359796524,0.338997483253479,0.08805088698863983,443.1853332519531,423.5655517578125,436.7108053588868
1,146,0.2762986719608307,0.19680677354335785,0.44384628534317017,0.17553631961345673,452.6150207519531,547.5046997070312,483.92861480712895
1,147,0.27245277166366577,0.19417744874954224,0.4670906364917755,0.15783128142356873,439.9480285644531,574.880615234375,484.47578216552733
1,148,0.26957452297210693,0.19031846523284912,0.5192199945449829,0.1366702914237976,443.4512634277344,581.2286987304688,488.91781707763676
1,149,0.1957392394542694,0.17007076740264893,0.11429040133953094,0.07119718194007874,403.7790832519531,198.89344787597656,336.1668235778809
1,150,0.28109413385391235,0.19727611541748047,0.38621360063552856,0.22598318755626678,451.145263671875,500.72796630859375,467.5075555419922
1,151,0.28516125679016113,0.21583746373653412,0.2887684106826782,0.20223480463027954,477.9069519042969,447.4416809082031,467.85341247558597
1,152,0.2492002695798874,0.1763666421175003,0.3942282795906067,0.16705399751663208,420.2091064453125,496.8687744140625,445.5067968750001
1,153,0.24529218673706055,0.19133420288562775,0.29501545429229736,0.12228217720985413,431.2790222167969,388.3454895019531,417.11095642089845
1,154,0.2357693612575531,0.18653090298175812,0.21271014213562012,0.13983720541000366,431.9680480957031,304.9346618652344,390.0470306396484
1,155,0.275655061006546,0.1986798197031021,0.30378782749176025,0.2329823076725006,445.40069580078125,386.25274658203125,425.8818725585938
1,156,0.2720259726047516,0.19653862714767456,0.6191988587379456,0.06783724576234818,449.5673828125,655.227294921875,517.4351538085938
1,157,0.26796990633010864,0.18160218000411987,0.6346189975738525,0.11452916264533997,419.8185729980469,676.2765502929688,504.4497055053711
1,158,0.27389392256736755,0.19245344400405884,0.48461851477622986,0.16489306092262268,450.33941650390625,537.185546875,478.99863952636724
1,159,0.23647406697273254,0.1855061650276184,0.31494471430778503,0.09736714512109756,437.17486572265625,375.08197021484375,416.68421020507816
1,160,0.25666892528533936,0.1864495426416397,0.5478662252426147,0.07716374099254608,439.05657958984375,609.0076293945312,495.14042602539064
1,161,0.2551065981388092,0.1962631195783615,0.358989417552948,0.11472271382808685,454.67767333984375,438.74853515625,449.4210577392578
1,162,0.22894662618637085,0.18305273354053497,0.3398677706718445,0.05953561142086983,435.6989440917969,386.9419860839844,419.6091479492188
1,163,0.2413613498210907,0.20571191608905792,0.19904308021068573,0.0787256509065628,463.74346923828125,293.5819091796875,407.5901544189453
1,164,0.21465535461902618,0.18190903961658478,0.07821930199861526,0.12462189793586731,423.8494567871094,200.16151428222656,350.03243576049806
1,165,0.23986390233039856,0.2060699164867401,0.24256888031959534,0.04768553003668785,479.97723388671875,302.6217346191406,421.449919128418
1,166,0.26886123418807983,0.18847320973873138,0.33507174253463745,0.23440423607826233,441.9330139160156,426.5729675292969,436.8641986083985
1,167,0.27338987588882446,0.18616676330566406,0.5013090968132019,0.1854611039161682,421.92303466796875,553.5466918945312,465.35884155273436
1,168,0.21071840822696686,0.169568732380867,0.256778746843338,0.07735897600650787,403.36212158203125,304.3846740722656,370.6995639038086
1,169,0.24585065245628357,0.17792409658432007,0.3328781723976135,0.17319366335868835,416.41986083984375,430.34912109375,421.01651672363283
1,170,0.22363591194152832,0.17383518815040588,0.3511306643486023,0.07343831658363342,409.831298828125,401.78887939453125,407.1773004150391
1,171,0.24723458290100098,0.1977420598268509,0.20673128962516785,0.1440969705581665,443.1568603515625,290.2195739746094,392.687555847168
1,172,0.2180035412311554,0.1808692365884781,0.17990252375602722,0.09572029113769531,423.4812316894531,249.8224334716797,366.1738282775879
1,173,0.22660250961780548,0.17789454758167267,0.2938704490661621,0.0966046154499054,415.728759765625,360.5287780761719,397.5127658081055
1,174,0.21775174140930176,0.19281062483787537,0.041572220623493195,0.10391947627067566,441.13604736328125,169.1910400390625,351.3941949462891
1,175,0.22528330981731415,0.177216574549675,0.27856457233428955,0.10105141252279282,410.76617431640625,337.46527099609375,386.5768762207032
1,176,0.2369876652956009,0.17585593461990356,0.3757505714893341,0.11778333783149719,408.619873046875,431.4947509765625,416.1685827636719
1,177,0.2722729742527008,0.19720061123371124,0.42257484793663025,0.1640743613243103,441.9052734375,538.1160888671875,473.65484252929684
1,178,0.24835875630378723,0.19538410007953644,0.33316856622695923,0.09828892350196838,435.7554931640625,410.8609313964844,427.5402877807618
1,179,0.23839031159877777,0.18253716826438904,0.28616344928741455,0.1361839920282364,409.9536437988281,361.2408447265625,393.8784201049805
1,180,0.22443123161792755,0.17882150411605835,0.18207532167434692,0.13701099157333374,417.3396911621094,275.5721740722656,370.55641052246096
1,181,0.2807892858982086,0.19724294543266296,0.41528916358947754,0.21008716523647308,445.76715087890625,481.0474548339844,457.409651184082
1,182,0.2874380648136139,0.1814207136631012,0.48096707463264465,0.28960323333740234,411.3082275390625,597.6735229492188,472.8087750244141
1,183,0.2455560266971588,0.18917110562324524,0.31801944971084595,0.12291493266820908,445.451416015625,390.5762634277344,427.3426156616211
1,184,0.2016211301088333,0.17307209968566895,0.09768888354301453,0.09390070289373398,412.51678466796875,209.36456298828125,345.4765515136719
1,185,0.24218110740184784,0.19476255774497986,0.29458126425743103,0.08980212360620499,444.7892761230469,402.39508056640625,430.79919158935553
1,186,0.22415398061275482,0.16270139813423157,0.35532087087631226,0.12960246205329895,381.22308349609375,437.507568359375,399.7969635009766
1,187,0.20781324803829193,0.173214390873909,0.15997090935707092,0.09300882369279861,410.20782470703125,258.97271728515625,360.3002392578125
1,188,0.26102694869041443,0.19512027502059937,0.3835698366165161,0.13774840533733368,434.74835205078125,442.9888610839844,437.46772003173834
1,189,0.25370174646377563,0.1751411110162735,0.5054572820663452,0.14007452130317688,405.19873046875,588.6444702148438,465.73582458496094
1,190,0.2606508433818817,0.1888464242219925,0.2540273666381836,0.23200836777687073,435.12042236328125,429.31536865234375,433.2047546386719
1,191,0.2244599610567093,0.17058704793453217,0.3571813702583313,0.09077388048171997,408.27508544921875,401.0257263183594,405.8827969360352
1,192,0.21882185339927673,0.18126530945301056,0.1552160382270813,0.11017473042011261,416.9437255859375,269.05523681640625,368.1405242919922
1,193,0.24774548411369324,0.19669273495674133,0.27218571305274963,0.1191709116101265,454.12127685546875,385.4427490234375,431.4573626708984
1,194,0.23339715600013733,0.18862204253673553,0.22471851110458374,0.11151634156703949,448.53436279296875,332.15576171875,410.1294244384766
1,195,0.22715125977993011,0.17854556441307068,0.2917439639568329,0.09715647250413895,423.95013427734375,348.68951416015625,399.1141296386719
1,196,0.23054258525371552,0.17975181341171265,0.2256367802619934,0.14113545417785645,424.3441467285156,346.5614318847656,398.67585083007816
1,197,0.24281160533428192,0.20009465515613556,0.29486340284347534,0.06615304946899414,455.9847412109375,334.6716003417969,415.9514047241211
1,198,0.2512834072113037,0.19072358310222626,0.39690226316452026,0.10434792190790176,440.7663269042969,465.0190124511719,448.76971313476565
1,199,0.2121739387512207,0.18005460500717163,0.12462245672941208,0.09828547388315201,425.5244140625,255.28660583496094,369.34593734741213
1,200,0.22926118969917297,0.17601770162582397,0.2795727849006653,0.12643104791641235,412.3291931152344,385.668212890625,403.5310696411133
1,201,0.2432861179113388,0.18998371064662933,0.30430519580841064,0.11435938626527786,443.8419189453125,376.82818603515625,421.727387084961
1,202,0.2513962388038635,0.18078774213790894,0.44940638542175293,0.12833936512470245,424.7960510253906,532.4231567382812,460.31299591064453
1,203,0.23103608191013336,0.19231641292572021,0.21555113792419434,0.08582276850938797,448.863037109375,309.9207458496094,403.0120809936524
1,204,0.23757556080818176,0.1970711499452591,0.25296634435653687,0.07603892683982849,439.3626708984375,329.5548095703125,403.1260766601563
1,205,0.2330876737833023,0.19470810890197754,0.2128334939479828,0.08548112958669662,443.9190368652344,285.8435974121094,391.75414184570315
1,206,0.2785671353340149,0.190160870552063,0.42487281560897827,0.22959491610527039,444.24847412109375,566.5125732421875,484.59562683105474
1,207,0.22715936601161957,0.18962030112743378,0.13825684785842896,0.11856693029403687,428.938232421875,215.07186889648438,358.3623324584961
1,208,0.20106326043605804,0.15734846889972687,0.2651323676109314,0.08600778877735138,376.7872619628906,347.17498779296875,367.01521148681644
1,209,0.23934118449687958,0.17052139341831207,0.35934555530548096,0.16442620754241943,404.6293029785156,492.5065002441406,433.6287780761719
1,210,0.19695289433002472,0.16589725017547607,0.21959157288074493,0.045482464134693146,404.0412902832031,282.2064514160156,363.8357934570313
1,211,0.24593397974967957,0.1805654913187027,0.3173145055770874,0.16818515956401825,426.4649658203125,429.78936767578125,427.56201843261715
1,212,0.23737359046936035,0.18089346587657928,0.29872798919677734,0.13303662836551666,424.4344177246094,426.1912841796875,425.01418365478514
1,213,0.24041250348091125,0.1845008134841919,0.24802550673484802,0.15554572641849518,417.0234375,352.67401123046875,395.7881268310547
1,214,0.2172045260667801,0.1746504008769989,0.29944807291030884,0.06304655969142914,406.6261901855469,359.6612243652344,391.12775146484375
1,215,0.22887596487998962,0.17753952741622925,0.3175394535064697,0.09791247546672821,409.4044189453125,394.192626953125,404.38452758789066
1,216,0.24410465359687805,0.1717754453420639,0.5372318029403687,0.09303012490272522,401.07763671875,596.3382568359375,465.5136413574219
1,217,0.18461236357688904,0.16013310849666595,0.12083777040243149,0.06197734922170639,386.2909240722656,205.28233337402344,326.55808914184576
1,218,0.2587059736251831,0.18754464387893677,0.32081761956214905,0.19539788365364075,432.01617431640625,484.85479736328125,449.45291992187504
1,219,0.21556811034679413,0.17843590676784515,0.23873285949230194,0.0662945806980133,414.1695556640625,311.0667419433594,380.14562713623053
1,220,0.23066872358322144,0.17795170843601227,0.35155200958251953,0.08780905604362488,401.97857666015625,413.36614990234375,405.7364758300782
1,221,0.21090753376483917,0.16016440093517303,0.21352124214172363,0.14695502817630768,382.5809326171875,344.9229736328125,370.1538061523438
1,222,0.22202037274837494,0.17703062295913696,0.3272388279438019,0.06132933497428894,413.22900390625,523.7914428710938,449.71460876464846
1,223,0.2120615839958191,0.17251579463481903,0.22132156789302826,0.08706812560558319,402.68560791015625,281.82379150390625,362.80120849609375
1,224,0.26685792207717896,0.18951258063316345,0.51517254114151,0.1291404366493225,422.85467529296875,609.4468994140625,484.4301092529297
1,225,0.19877316057682037,0.16424091160297394,0.16075047850608826,0.09228602051734924,398.4350280761719,231.67434692382812,343.40400329589846
1,226,0.21474798023700714,0.17114466428756714,0.28939515352249146,0.0733189731836319,403.4014587402344,380.278564453125,395.77090362548836
1,227,0.25326505303382874,0.17830491065979004,0.4920056462287903,0.12879794836044312,415.2324523925781,619.37939453125,482.60094329833987
1,228,0.2340575009584427,0.16988661885261536,0.31853431463241577,0.1615872085094452,392.2845764160156,502.7091369628906,428.7246813964844
1,229,0.20408685505390167,0.16052007675170898,0.21001854538917542,0.11282457411289215,373.7036437988281,289.4504699707031,345.90009643554686
1,230,0.2487737238407135,0.17764584720134735,0.40936559438705444,0.15095661580562592,404.33026123046875,505.9117126464844,437.8521401977539
1,231,0.22939684987068176,0.19055266678333282,0.2599921226501465,0.06422483921051025,434.25164794921875,305.7667541503906,391.85163299560554
1,232,0.2552010416984558,0.175277978181839,0.33533143997192383,0.2319495975971222,406.7639465332031,608.4230346679688,473.3114456176758
1,233,0.21269962191581726,0.1682482808828354,0.10971274971961975,0.1674002707004547,383.615478515625,244.0958709716797,337.57400802612307
1,234,0.2250758856534958,0.17557315528392792,0.2841106057167053,0.1054583340883255,405.823974609375,364.2433776855469,392.10237762451175
1,235,0.24445943534374237,0.18141449987888336,0.22679346799850464,0.2018279731273651,417.20892333984375,439.849365234375,424.6802691650391
1,236,0.23216092586517334,0.1736801117658615,0.2377033531665802,0.17355239391326904,399.6597900390625,346.5346374511719,382.1284896850586
1,237,0.19998908042907715,0.16776831448078156,0.21653249859809875,0.052837587893009186,388.75701904296875,271.60577392578125,350.0971081542969
1,238,0.25521135330200195,0.18462537229061127,0.45145806670188904,0.12720085680484772,431.2525634765625,574.2783813476562,478.4510833740235
1,239,0.26513102650642395,0.1875631958246231,0.4873355031013489,0.14417141675949097,424.5595397949219,557.0223388671875,468.27226348876957
1,240,0.21372352540493011,0.16963735222816467,0.20790715515613556,0.11647730320692062,401.63006591796875,298.0304260253906,367.442184753418
1,241,0.193447083234787,0.158165842294693,0.15454243123531342,0.09913497418165207,374.5096130371094,266.7983703613281,338.9649029541016
1,242,0.20079916715621948,0.15896248817443848,0.22522325813770294,0.09657171368598938,371.4748840332031,300.8609924316406,348.17229980468755
1,243,0.236869215965271,0.16794078052043915,0.3904433250427246,0.14942046999931335,391.6946105957031,465.0972595214844,415.91748474121096
1,244,0.1965578943490982,0.16019321978092194,0.17043530941009521,0.09660570323467255,378.71234130859375,269.591064453125,342.7023199462891
1,245,0.1997847557067871,0.16682197153568268,0.0919046476483345,0.1188616007566452,390.27886962890625,215.15289306640625,332.4872973632813
1,246,0.22195102274417877,0.16066578030586243,0.40750983357429504,0.10267132520675659,377.9039306640625,483.6173400878906,412.78935577392576
1,247,0.22090351581573486,0.17324061691761017,0.2698826491832733,0.10337311774492264,399.29876708984375,347.57525634765625,382.2300085449219
1,248,0.22031985223293304,0.1676790416240692,0.32081836462020874,0.10279484838247299,387.1508483886719,374.7595520019531,383.0617205810547
1,249,0.1968311220407486,0.16537491977214813,0.1817547082901001,0.06640367209911346,377.8888244628906,231.17807006835938,329.4742755126953
1,250,0.21840205788612366,0.15115107595920563,0.44900330901145935,0.11175325512886047,357.8074951171875,524.60107421875,412.8493762207031
1,251,0.20312537252902985,0.15680071711540222,0.2349124550819397,0.11416704207658768,365.029296875,321.45208740234375,350.64881774902346
1,252,0.20879198610782623,0.17112573981285095,0.21162307262420654,0.08251975476741791,394.0234069824219,281.4217834472656,356.86487121582036
1,253,0.23884427547454834,0.16630832850933075,0.38949692249298096,0.16793125867843628,385.8002624511719,466.6258850097656,412.4727178955078
1,254,0.21780787408351898,0.16870743036270142,0.25871795415878296,0.11614320427179337,381.5447692871094,338.06146240234375,367.19527801513675
1,255,0.21131886541843414,0.17008483409881592,0.20171362161636353,0.10531333088874817,407.8080139160156,320.9794921875,379.1546017456055
1,256,0.2281787097454071,0.17420051991939545,0.25745469331741333,0.1411636471748352,400.497314453125,311.9407653808594,371.27365325927735
1,257,0.20193621516227722,0.16966573894023895,0.05283945053815842,0.13493265211582184,393.03460693359375,192.0545654296875,326.7111932373047
1,258,0.19720380008220673,0.16643013060092926,0.1347355842590332,0.08650059252977371,388.37615966796875,216.12680053710938,331.5338711547852
1,259,0.20938247442245483,0.1588984727859497,0.3606216609477997,0.0721091777086258,367.9241027832031,403.05291748046875,379.5166116333008
1,260,0.21190659701824188,0.16699017584323883,0.24151691794395447,0.10382364690303802,379.0108642578125,304.7286376953125,354.49772949218755
1,261,0.20481927692890167,0.1518593430519104,0.28301453590393066,0.12329241633415222,351.15386962890625,351.44415283203125,351.2496630859375
1,262,0.23859459161758423,0.15803003311157227,0.5876051187515259,0.10902024805545807,367.9508361816406,623.70068359375,452.34828582763674
1,263,0.2523545026779175,0.17296123504638672,0.21987688541412354,0.28702783584594727,396.67449951171875,362.4198303222656,385.3704586791992
1,264,0.2509937584400177,0.19086764752864838,0.3303222060203552,0.13546942174434662,435.0600280761719,399.2652587890625,423.2477542114258
1,265,0.23652029037475586,0.17201606929302216,0.4614369869232178,0.09180259704589844,404.3918151855469,553.6396484375,453.64360015869147
1,266,0.23358093202114105,0.1732461303472519,0.4315791726112366,0.08588439226150513,395.09259033203125,504.64068603515625,431.24346191406255
1,267,0.21936441957950592,0.1646513044834137,0.2514253854751587,0.14785292744636536,383.87872314453125,345.98681640625,371.37439392089846
1,268,0.20389118790626526,0.16337768733501434,0.2489132285118103,0.0781109407544136,383.19842529296875,299.7497863769531,355.6603744506836
1,269,0.246409073472023,0.1801711916923523,0.4142407774925232,0.12406902015209198,404.0713806152344,488.08367919921875,431.79543914794925
1,270,0.18592625856399536,0.143048956990242,0.3110724091529846,0.0588502362370491,332.5058898925781,363.47418212890625,342.72542633056645
1,271,0.2194669544696808,0.15505632758140564,0.2841499447822571,0.1799781322479248,374.912353515625,374.5961608886719,374.8080099487305
1,272,0.19861479103565216,0.14613144099712372,0.210015669465065,0.1574089080095291,344.0449523925781,370.5960693359375,352.8068209838867
1,273,0.22467751801013947,0.16779175400733948,0.11292868852615356,0.22796443104743958,396.0313415527344,407.26458740234375,399.7383126831055
1,274,0.19776399433612823,0.14159934222698212,0.13514047861099243,0.21325305104255676,334.9153137207031,301.90869140625,324.0231283569336
1,275,0.20720097422599792,0.16844798624515533,0.23296569287776947,0.0772821232676506,383.3106384277344,325.7179260253906,364.30504333496094
1,276,0.20229817926883698,0.15786555409431458,0.16850216686725616,0.13791204988956451,359.71527099609375,277.44921875,332.5674737548828
1,277,0.22328238189220428,0.15920494496822357,0.37333548069000244,0.13371945917606354,366.631103515625,436.734130859375,389.7651025390625
1,278,0.21422410011291504,0.15655508637428284,0.1580483317375183,0.20932088792324066,361.06927490234375,345.5065612792969,355.9335794067383
1,279,0.1991208791732788,0.1441478431224823,0.2981261610984802,0.12580206990242004,339.0687561035156,395.1718444824219,357.5827752685547
1,280,0.21537749469280243,0.16134759783744812,0.3624098598957062,0.08894450962543488,372.49493408203125,434.12554931640625,392.833037109375
1,281,0.21202470362186432,0.1414431482553482,0.2486463189125061,0.22858460247516632,331.41192626953125,358.40869140625,340.32085876464845
1,282,0.19929596781730652,0.14759385585784912,0.17340503633022308,0.17180800437927246,345.4405517578125,311.57843017578125,334.2660516357422
1,283,0.19753852486610413,0.1516711562871933,0.2772294878959656,0.09072209894657135,351.1800231933594,370.8026428222656,357.6554876708985
1,284,0.20830534398555756,0.15619179606437683,0.25191161036491394,0.13461191952228546,358.73004150390625,365.6246032714844,361.005246887207
1,285,0.2268259972333908,0.1442224085330963,0.6370568871498108,0.09448955953121185,348.4878845214844,706.1602783203125,466.51977447509773
1,286,0.1906614750623703,0.154942125082016,0.22913560271263123,0.06402893364429474,365.8399658203125,282.1844787597656,338.23365509033204
1,287,0.21735772490501404,0.14805778861045837,0.3235112428665161,0.18474406003952026,346.49078369140625,432.4677429199219,374.86318023681645
1,288,0.2255965918302536,0.16218511760234833,0.4328497052192688,0.10063251852989197,377.62384033203125,468.5331726074219,407.6239199829102
1,289,0.1871040314435959,0.13789625465869904,0.2185017466545105,0.1367880254983902,324.02349853515625,302.6068420410156,316.9560018920899
1,290,0.20815135538578033,0.1551414132118225,0.3075673580169678,0.11126600205898285,361.5490417480469,373.8497619628906,365.60827941894536
1,291,0.23246389627456665,0.16096381843090057,0.4285016655921936,0.14324955642223358,374.4756164550781,520.6403198242188,422.70996856689453
1,292,0.1924561858177185,0.15749484300613403,0.1143583431839943,0.11762750148773193,366.21380615234375,235.52474975585938,323.0864175415039
1,293,0.19675904512405396,0.14607498049736023,0.32163187861442566,0.09260434657335281,341.1518859863281,397.28045654296875,359.6743142700195
1,294,0.24233263731002808,0.1917853206396103,0.256064772605896,0.12470418214797974,432.4343566894531,336.3055114746094,400.71183776855474
1,295,0.1893879473209381,0.14185072481632233,0.1492157280445099,0.16307823359966278,336.5588073730469,258.1932678222656,310.6981793212891
1,296,0.1805412769317627,0.14106810092926025,0.10614591836929321,0.1442929357290268,337.3337707519531,254.5228271484375,310.006159362793
1,297,0.20061039924621582,0.13988448679447174,0.39331918954849243,0.10696996003389359,331.39886474609375,439.656494140625,367.1238824462891
1,298,0.2674456536769867,0.17133492231369019,0.5178074836730957,0.2216498851776123,398.9189758300781,583.8974609375,459.96187591552734
1,299,0.19281698763370514,0.14440982043743134,0.2144581377506256,0.1348067820072174,330.78277587890625,298.1520690917969,320.0146426391602
1,300,0.19917893409729004,0.15051691234111786,0.24769729375839233,0.11946147680282593,348.39373779296875,329.7881774902344,342.2539028930664
1,301,0.20780842006206512,0.14735621213912964,0.2968806028366089,0.1538207083940506,345.97625732421875,357.3480529785156,349.72894989013673
1,302,0.21939118206501007,0.16300509870052338,0.22364076972007751,0.17011001706123352,369.2973937988281,315.1406555175781,351.4256701660156
1,303,0.19386310875415802,0.1255161613225937,0.32454735040664673,0.17946100234985352,304.3601379394531,432.23089599609375,346.5574880981445
1,304,0.1893976479768753,0.14316365122795105,0.2728580832481384,0.09474094212055206,341.1094055175781,353.4081115722656,345.167978515625
1,305,0.22548383474349976,0.1578828990459442,0.3790103793144226,0.1484994888305664,366.0943603515625,493.61773681640625,408.17707458496096
1,306,0.22139355540275574,0.1671404093503952,0.20015814900398254,0.1711866408586502,380.46807861328125,350.7841796875,370.6723919677735
1,307,0.15342165529727936,0.13064035773277283,0.04798150807619095,0.08991573750972748,312.5595397949219,165.34136962890625,263.97754364013673
1,308,0.1882057934999466,0.15241080522537231,0.12545719742774963,0.11624635756015778,347.0232238769531,202.17784118652344,299.2242475891113
1,309,0.24022792279720306,0.14554361999034882,0.4737365245819092,0.23655325174331665,346.9244689941406,587.08251953125,426.1766256713868
1,310,0.19652806222438812,0.1409379541873932,0.305589884519577,0.12515562772750854,342.0319519042969,378.38702392578125,354.02912567138674
1,311,0.20346470177173615,0.1392872929573059,0.31042876839637756,0.1656726598739624,331.55523681640625,403.4957580566406,355.29560882568364
1,312,0.1893545240163803,0.14288116991519928,0.3607388138771057,0.051997359842061996,339.0376281738281,397.7862548828125,358.42467498779297
1,313,0.20677103102207184,0.13126859068870544,0.40754449367523193,0.1737399399280548,309.31439208984375,522.2094116210938,379.5697485351563
1,314,0.1498315930366516,0.1286391317844391,0.06010020896792412,0.07591214030981064,312.4703674316406,144.0325927734375,256.8859017944336
1,315,0.1739943027496338,0.1349596083164215,0.20050352811813354,0.0949217677116394,325.69879150390625,280.67926025390625,310.84234619140625
1,316,0.18886655569076538,0.13244999945163727,0.3805602788925171,0.09180265665054321,316.32342529296875,466.25579833984375,365.8011083984375
1,317,0.2634744942188263,0.15995173156261444,0.5242905616760254,0.2554684281349182,379.7610168457031,653.8323364257812,470.2045523071289
1,318,0.1888476014137268,0.1314750462770462,0.2856634259223938,0.14403106272220612,325.3400573730469,393.67333984375,347.89004058837895
1,319,0.20604021847248077,0.13129916787147522,0.45865437388420105,0.14437803626060486,318.0481872558594,534.8905029296875,389.6061514282227
1,320,0.20946958661079407,0.15986524522304535,0.2727697193622589,0.11163684725761414,366.1233825683594,390.34765625,374.1173928833008
1,321,0.17398139834403992,0.13066904246807098,0.26506930589675903,0.08402709662914276,314.2318420410156,337.4449462890625,321.8921664428711
1,322,0.21592460572719574,0.145331010222435,0.3778421878814697,0.16404688358306885,338.7768249511719,470.7806091308594,382.33807373046875
1,323,0.22172513604164124,0.18700703978538513,0.14179688692092896,0.10269200801849365,430.0691223144531,244.7848358154297,368.92530776977543
1,324,0.2005695402622223,0.152855783700943,0.2336895614862442,0.12172397971153259,353.6661682128906,318.9637451171875,342.2143685913086
1,325,0.19333456456661224,0.14751845598220825,0.25782859325408936,0.10016629844903946,346.4532470703125,357.31536865234375,350.0377471923828
1,326,0.16463270783424377,0.12775462865829468,0.20606502890586853,0.08135788142681122,302.235107421875,295.9962158203125,300.1762731933594
1,327,0.18302735686302185,0.13690593838691711,0.2829514741897583,0.08913137763738632,324.2486267089844,363.139404296875,337.0825833129883
1,328,0.1675707846879959,0.14151138067245483,0.09749045968055725,0.08155184984207153,330.97491455078125,211.769287109375,291.6370574951172
1,329,0.21905508637428284,0.14929132163524628,0.25881099700927734,0.21941334009170532,359.9289245605469,373.8854064941406,364.5345635986329
1,330,0.17106230556964874,0.13479648530483246,0.19327735900878906,0.08469044417142868,330.4609375,280.80230712890625,314.0735894775391
1,331,0.18737439811229706,0.14623509347438812,0.13474425673484802,0.13832440972328186,337.2510681152344,283.0896301269531,319.3777935791016
1,332,0.19798752665519714,0.13744348287582397,0.3451102674007416,0.13016504049301147,325.8150634765625,412.8998107910156,354.5530300903321
1,333,0.20675073564052582,0.13848377764225006,0.27608850598335266,0.20329049229621887,327.0204162597656,404.3954162597656,352.5541662597657
1,334,0.20808371901512146,0.14929789304733276,0.3274204432964325,0.13021887838840485,339.4073181152344,450.93829345703125,376.2125399780274
1,335,0.24216905236244202,0.16415303945541382,0.41008275747299194,0.18503868579864502,369.99957275390625,603.5350341796875,447.06627502441404
1,336,0.20969359576702118,0.1645604372024536,0.23885264992713928,0.10623946785926819,384.3833923339844,398.08697509765625,388.9055746459961
1,337,0.1699347347021103,0.12146255373954773,0.3423870801925659,0.07116734236478806,292.36865234375,391.0991516113281,324.9497171020508
1,338,0.1880531758069992,0.12571217119693756,0.31578701734542847,0.153811514377594,297.6775207519531,404.6275329589844,332.9710247802734
1,339,0.19262975454330444,0.1387629359960556,0.2561950981616974,0.1412365734577179,323.9509582519531,342.9922790527344,330.2345941162109
1,340,0.17429481446743011,0.12309285998344421,0.27871400117874146,0.11665275692939758,297.8747253417969,366.74505615234375,320.6019345092774
1,341,0.18180882930755615,0.13969357311725616,0.2325681746006012,0.09429214894771576,324.67388916015625,324.0516052246094,324.4685354614258
1,342,0.18838196992874146,0.1305035501718521,0.2554488182067871,0.16166764497756958,306.1373291015625,348.1080627441406,319.98767120361333
1,343,0.1822117120027542,0.13045920431613922,0.29226940870285034,0.11262781918048859,302.8621520996094,367.0582275390625,324.0468569946289
1,344,0.18266154825687408,0.12407834827899933,0.3471652865409851,0.11933337152004242,291.7286682128906,404.32037353515625,328.88393096923835
1,345,0.18794776499271393,0.12858906388282776,0.3158471882343292,0.13886985182762146,306.2914733886719,397.9099426269531,336.5255682373047
1,346,0.1993466466665268,0.1373443901538849,0.3989682197570801,0.11052722483873367,324.5077209472656,461.5190124511719,369.7214471435547
1,347,0.15451323986053467,0.11498500406742096,0.275029718875885,0.06012631580233574,277.4515075683594,333.842041015625,296.06038360595704
1,348,0.20705819129943848,0.13223561644554138,0.5517641305923462,0.09823086857795715,311.69537353515625,604.522705078125,408.328392944336
1,349,0.2218552678823471,0.1362999826669693,0.395963191986084,0.22979483008384705,326.586181640625,525.565185546875,392.24925292968754
1,350,0.1785130649805069,0.12674298882484436,0.3054761290550232,0.10611231625080109,301.767822265625,414.8779602050781,339.0941677856446
1,351,0.16103744506835938,0.12422192096710205,0.15711596608161926,0.10551966726779938,297.96759033203125,223.13560485839844,273.27303512573246
1,352,0.17874525487422943,0.12594933807849884,0.29317083954811096,0.11739417910575867,298.64031982421875,370.3138122558594,322.2925723266602
1,353,0.182363361120224,0.14004170894622803,0.24978546798229218,0.08671553432941437,325.69329833984375,311.509033203125,321.0124908447266
1,354,0.15545794367790222,0.12140744179487228,0.17252793908119202,0.08398851752281189,294.5969543457031,228.0679931640625,272.6423971557617
1,355,0.19256913661956787,0.13538594543933868,0.3128109574317932,0.12951047718524933,316.3251953125,413.5694580078125,348.4158020019531
1,356,0.18562006950378418,0.13698334991931915,0.2631850838661194,0.11159107834100723,318.0421142578125,370.53228759765625,335.36387145996093
1,357,0.16957096755504608,0.13873493671417236,0.18275108933448792,0.06280461698770523,314.88128662109375,248.1667938232422,292.86550399780276
1,358,0.15369531512260437,0.12326613813638687,0.1333816647529602,0.0854550153017044,295.0103759765625,199.73809814453125,263.5705242919922
1,359,0.1823752522468567,0.1287929266691208,0.3694930076599121,0.08316506445407867,302.7554931640625,418.4855651855469,340.9464169311524
1,360,0.19773739576339722,0.14265483617782593,0.29985862970352173,0.1254834681749344,334.8242492675781,441.01263427734375,369.8664163208008
1,361,0.19525527954101562,0.1427326500415802,0.36019355058670044,0.08251634985208511,341.8940734863281,473.259521484375,385.2446713256836
1,362,0.1946784257888794,0.1448153555393219,0.26353269815444946,0.11754901707172394,333.5547180175781,322.82135009765625,330.01270660400394
1,363,0.1791868805885315,0.13427934050559998,0.24850094318389893,0.10028719902038574,317.8660583496094,336.0937194824219,323.8811865234375
1,364,0.1898314356803894,0.1342587023973465,0.27259114384651184,0.1415681391954422,317.54669189453125,356.0705871582031,330.25957733154297
1,365,0.17815877497196198,0.12241004407405853,0.29076653718948364,0.13336040079593658,292.71435546875,412.30718994140625,332.1799908447266
1,366,0.20344193279743195,0.13615822792053223,0.37527525424957275,0.14878088235855103,326.205810546875,448.0222473144531,366.4052346801758
1,367,0.18222269415855408,0.1318178027868271,0.34475529193878174,0.07964681088924408,308.0457763671875,386.46954345703125,333.925619506836
1,368,0.19554626941680908,0.13936376571655273,0.41361552476882935,0.07410473376512527,320.2261047363281,460.8079833984375,366.61812469482425
1,369,0.189745232462883,0.12513411045074463,0.39027464389801025,0.1279182732105255,297.1917419433594,454.57867431640625,349.1294296264649
1,370,0.17592975497245789,0.12690047919750214,0.2368062436580658,0.12674321234226227,300.4599304199219,303.71038818359375,301.5325814819336
1,371,0.18880216777324677,0.13050492107868195,0.31202489137649536,0.13547375798225403,303.030029296875,396.3966369628906,333.8410098266602
1,372,0.18034310638904572,0.1221332848072052,0.3154571056365967,0.13332055509090424,299.49163818359375,399.945068359375,332.6412701416016
1,373,0.19646050035953522,0.1231224536895752,0.43372267484664917,0.14982889592647552,291.4041442871094,509.3826599121094,363.3370544433594
1,374,0.17047236859798431,0.13426589965820312,0.1579393893480301,0.10206270217895508,311.15673828125,235.8704071044922,286.31224899291993
1,375,0.15751612186431885,0.12250275164842606,0.19940894842147827,0.07536240667104721,299.47113037109375,261.4223327636719,286.9150271606445
1,376,0.15478947758674622,0.12133491784334183,0.15441560745239258,0.09006503224372864,288.9245910644531,233.7527313232422,270.71787734985355
1,377,0.15150120854377747,0.11526565998792648,0.22943350672721863,0.06646092981100082,278.02142333984375,305.593505859375,287.1202105712891
1,378,0.1868693232536316,0.12856914103031158,0.30061525106430054,0.14119327068328857,302.7377624511719,377.37811279296875,327.3690780639648
1,379,0.19612136483192444,0.13376712799072266,0.17138418555259705,0.22607910633087158,316.250244140625,332.9027404785156,321.7455679321289
1,380,0.1353151500225067,0.10897931456565857,0.11170202493667603,0.0758281871676445,269.8565979003906,187.6315460205078,242.7223307800293
1,381,0.16367097198963165,0.12799178063869476,0.19255430996418,0.08211878687143326,305.4198913574219,264.5644226074219,291.93758666992187
1,382,0.14903095364570618,0.11244942992925644,0.13130047917366028,0.11725737899541855,272.6936340332031,253.9034423828125,266.49287078857424
1,383,0.19493845105171204,0.1444481909275055,0.3359365463256836,0.08448301255702972,330.3717956542969,440.9729309082031,366.87017028808594
1,384,0.18945717811584473,0.11803319305181503,0.4327813386917114,0.14072927832603455,283.51934814453125,486.6420593261719,350.54984283447266
1,385,0.2322705090045929,0.13207757472991943,0.4084853529930115,0.2967219352722168,312.58917236328125,559.9307861328125,394.21190490722654
1,386,0.17412908375263214,0.13079765439033508,0.245108500123024,0.09410291165113449,310.8981018066406,297.19171142578125,306.374992980957
1,387,0.1815648078918457,0.12248262017965317,0.2984234094619751,0.14619924128055573,293.7218933105469,384.2732849121094,323.60385253906253
1,388,0.16035190224647522,0.1194842979311943,0.22128039598464966,0.09369786083698273,287.6702880859375,291.00714111328125,288.771449584961
1,389,0.14381346106529236,0.11238402128219604,0.19573841989040375,0.059278033673763275,270.92626953125,251.47378540039062,264.5069497680664
1,390,0.17112034559249878,0.11295420676469803,0.34620654582977295,0.11772745102643967,266.9674377441406,398.4594421386719,310.35979919433595
1,391,0.22761408984661102,0.14969049394130707,0.29726481437683105,0.24098560214042664,337.971435546875,478.4525146484375,384.33019165039065
1,392,0.163721963763237,0.12338751554489136,0.1399119794368744,0.1317162960767746,292.5048522949219,226.80555725097656,270.82408493041993
1,393,0.16455519199371338,0.1311057060956955,0.2288033813238144,0.05284573882818222,313.27642822265625,275.8343200683594,300.92053253173833
1,394,0.15654447674751282,0.11437658965587616,0.2524684965610504,0.08460523188114166,272.7816162109375,326.291259765625,290.4397985839844
1,395,0.17018543183803558,0.13193035125732422,0.23316940665245056,0.07469075918197632,310.830810546875,302.4889831542969,308.07800750732423
1,396,0.17711308598518372,0.1247774213552475,0.31024226546287537,0.106557197868824,291.719970703125,403.8347473144531,328.7178469848633
1,397,0.1828370839357376,0.1424691528081894,0.2674649953842163,0.06810718774795532,334.1510925292969,335.3689270019531,334.55297790527345
1,398,0.14250333607196808,0.11790203303098679,0.14385631680488586,0.05107837915420532,286.6921081542969,218.68527221679688,264.2498522949219
1,399,0.20292766392230988,0.14591823518276215,0.27182459831237793,0.14913484454154968,338.7625732421875,362.72808837890625,346.6711932373047
1,400,0.16195903718471527,0.11959119141101837,0.2984110116958618,0.06263378262519836,288.318603515625,356.3157653808594,310.75766693115236
1,401,0.15415310859680176,0.11555451154708862,0.22018420696258545,0.08290088921785355,272.265869140625,267.25115966796875,270.61101501464844
1,402,0.17453765869140625,0.13845786452293396,0.17077955603599548,0.09500918537378311,326.62628173828125,278.4282531738281,310.72093231201177
1,403,0.2042704075574875,0.14871889352798462,0.3365135192871094,0.10950083285570145,337.1065673828125,384.1363220214844,352.6263864135742
1,404,0.1795814484357834,0.1260097473859787,0.3670656681060791,0.08432568609714508,299.72882080078125,424.580810546875,340.9299774169922
1,405,0.2219601422548294,0.13399505615234375,0.602506697177887,0.138572096824646,314.8455505371094,666.5060424804688,430.893512878418
1,406,0.13895481824874878,0.11207020282745361,0.13065284490585327,0.06909666210412979,269.7969970703125,187.23074340820312,242.55013336181642
1,407,0.1978052258491516,0.14202624559402466,0.38394826650619507,0.08692078292369843,333.3129577636719,436.4416809082031,367.34543640136724
1,408,0.19417686760425568,0.12265241891145706,0.37111687660217285,0.17206379771232605,286.1994934082031,495.06768798828125,355.12599761962895
1,409,0.16499607264995575,0.12344495207071304,0.2966393828392029,0.05943591892719269,298.0660095214844,350.318359375,315.30928497314454
1,410,0.16358759999275208,0.11190635710954666,0.23324467241764069,0.14178386330604553,263.59405517578125,351.4556884765625,292.58839416503906
1,411,0.2137279212474823,0.1424054503440857,0.4406152367591858,0.13630475103855133,331.9037780761719,505.0652160644531,389.0470526123047
1,412,0.18021373450756073,0.12367341667413712,0.29380929470062256,0.13579696416854858,290.703369140625,361.0439453125,313.9157592773438
1,413,0.1615535467863083,0.11559537053108215,0.09118973463773727,0.18419599533081055,277.6728210449219,298.1759338378906,284.43884826660155
1,414,0.1767989993095398,0.11980048567056656,0.19642847776412964,0.18677830696105957,281.482421875,385.5550231933594,315.82638031005865
1,415,0.1672733873128891,0.12018948793411255,0.15837138891220093,0.15623381733894348,287.127197265625,273.3751220703125,282.58901245117187
1,416,0.15797753632068634,0.11713730543851852,0.22141093015670776,0.09349571913480759,282.0982971191406,282.80340576171875,282.3309829711914
1,417,0.167103573679924,0.12057973444461823,0.24700284004211426,0.1091177836060524,288.6908264160156,340.71527099609375,305.85889312744143
1,418,0.17924991250038147,0.12604185938835144,0.21781441569328308,0.1571330428123474,302.3474426269531,314.7247314453125,306.4319479370117
1,419,0.14579662680625916,0.10445068776607513,0.2460399866104126,0.08370976150035858,253.49163818359375,304.7492370605469,270.4066458129883
1,420,0.19966064393520355,0.13999953866004944,0.21011799573898315,0.19324654340744019,325.5140686035156,307.1524963378906,319.4547497558594
1,421,0.21943150460720062,0.15170818567276,0.3339109718799591,0.17166107892990112,346.95782470703125,470.3189697265625,387.66700256347656
1,422,0.19677911698818207,0.13573691248893738,0.42580682039260864,0.09230759739875793,319.02349853515625,493.2294616699219,376.5114663696289
1,423,0.18354351818561554,0.13173899054527283,0.15549778938293457,0.18127372860908508,306.96588134765625,365.33416748046875,326.2274157714844
1,424,0.16817761957645416,0.10984046012163162,0.3349204659461975,0.12422551214694977,264.5097351074219,432.5207824707031,319.9533807373047
1,425,0.15577101707458496,0.12829196453094482,0.12159976363182068,0.07659540325403214,297.85791015625,217.304443359375,271.27526611328125
1,426,0.12703973054885864,0.1012776717543602,0.08686556667089462,0.08537749946117401,243.68899536132812,216.5185546875,234.72274993896485
1,427,0.16955994069576263,0.12290240824222565,0.290803998708725,0.08788566291332245,302.09356689453125,351.4942626953125,318.3957965087891
1,428,0.1920846700668335,0.14467787742614746,0.16790303587913513,0.15308243036270142,330.9781799316406,324.07110595703125,328.6988455200195
1,429,0.1601414978504181,0.1263309121131897,0.1925538182258606,0.07277603447437286,306.29498291015625,232.0187530517578,281.7838270568848
1,430,0.1516314446926117,0.11243973672389984,0.1970071792602539,0.09745494276285172,275.6965637207031,277.11480712890625,276.16458404541015
1,431,0.1572941690683365,0.11614488065242767,0.26343825459480286,0.07402734458446503,287.6880187988281,323.7115173339844,299.57577331542973
1,432,0.16232262551784515,0.12351623177528381,0.10695789754390717,0.14055302739143372,295.3495788574219,233.84194946289062,275.0520611572266
1,433,0.16145755350589752,0.10976709425449371,0.2840557098388672,0.11642438918352127,268.4443054199219,373.90618896484375,303.2467269897461
1,434,0.1424400508403778,0.11373410373926163,0.09736016392707825,0.09484968334436417,269.6205139160156,171.83506774902344,237.3513166809082
1,435,0.1768222451210022,0.10569934546947479,0.4445185661315918,0.13335520029067993,255.3195037841797,529.8845825195312,345.9259797668457
1,436,0.15430718660354614,0.1263749897480011,0.17171967029571533,0.05380120128393173,299.14752197265625,216.06146240234375,271.72912231445315
1,437,0.14320117235183716,0.11132213473320007,0.12671464681625366,0.0960378497838974,270.8348388671875,198.06520080566406,246.8208583068848
1,438,0.14657193422317505,0.10713152587413788,0.2025788128376007,0.09591265767812729,259.936279296875,282.4237060546875,267.35713012695317
1,439,0.1876317709684372,0.1454525589942932,0.24144509434700012,0.09017349779605865,349.4634704589844,338.7102355957031,345.9149029541016
1,440,0.15980291366577148,0.11176139116287231,0.19911396503448486,0.1406506448984146,268.2123718261719,312.4342956542969,282.80560668945316
1,441,0.21331027150154114,0.13367879390716553,0.44221919775009155,0.1770477443933487,310.0805358886719,556.692138671875,391.4623648071289
1,442,0.19799160957336426,0.14376913011074066,0.3914310932159424,0.07539685815572739,337.95745849609375,465.08099365234375,379.90822509765627
1,443,0.15316660702228546,0.11632592976093292,0.1674118936061859,0.10049748420715332,283.21868896484375,224.69496154785156,263.90585891723634
1,444,0.15968318283557892,0.11057013273239136,0.2626599967479706,0.1142352819442749,266.976806640625,349.2616271972656,294.1307974243164
1,445,0.1592276692390442,0.11663331836462021,0.2198326587677002,0.10305535048246384,279.1473083496094,306.8092956542969,288.27576416015626
1,446,0.17881429195404053,0.12805984914302826,0.2024933397769928,0.15252555906772614,307.60595703125,320.0423583984375,311.7099694824219
1,447,0.17250290513038635,0.125451922416687,0.20254814624786377,0.13398081064224243,294.6909484863281,294.6651611328125,294.682438659668
1,448,0.17286896705627441,0.10893484205007553,0.3249119520187378,0.15721461176872253,264.9211730957031,412.6097106933594,313.6583905029297
1,449,0.21814927458763123,0.17609314620494843,0.2260236144065857,0.09726881980895996,387.2957763671875,357.1108703613281,377.33475738525397
1,450,0.17855364084243774,0.12229394912719727,0.3176121711730957,0.12249236553907394,289.5583801269531,476.8050842285156,351.34979248046875
1,451,0.18091674149036407,0.11653542518615723,0.41432541608810425,0.11474385112524033,283.2269287109375,497.8112487792969,354.03975433349615
1,452,0.13959255814552307,0.1163877621293068,0.12295351922512054,0.05454721301794052,281.2085266113281,211.69496154785156,258.2690501403809
1,453,0.15084414184093475,0.09304046630859375,0.4035780131816864,0.08722935616970062,233.23593139648438,451.2154541015625,305.16917388916016
1,454,0.1637904942035675,0.11250931769609451,0.2855728566646576,0.11361945420503616,270.0839538574219,355.0525207519531,298.1235809326172
1,455,0.14803984761238098,0.11856240034103394,0.18101459741592407,0.056880004703998566,281.50048828125,245.23797607421875,269.5338592529297
1,456,0.18632134795188904,0.12131824344396591,0.2629668712615967,0.1935320645570755,283.7160339355469,474.1559753417969,346.5612145996094
1,457,0.17314556241035461,0.10793602466583252,0.45802149176597595,0.0970369279384613,264.48345947265625,502.222412109375,342.93731384277345
1,458,0.15095184743404388,0.1092100590467453,0.19899381697177887,0.1092120036482811,265.7730407714844,284.4963073730469,271.95171875
1,459,0.14288203418254852,0.1093859001994133,0.18263167142868042,0.07616482675075531,261.4895324707031,243.2041015625,255.4553402709961
1,460,0.20724545419216156,0.12156573683023453,0.32970869541168213,0.2635442614555359,288.34588623046875,470.99346923828125,348.61958862304687
1,461,0.18185487389564514,0.13668093085289001,0.18906596302986145,0.1313367784023285,318.2926025390625,285.3021240234375,307.4057446289063
1,462,0.17122924327850342,0.1129191443324089,0.3795074224472046,0.10179673135280609,270.80242919921875,446.9169616699219,328.9202249145508
1,463,0.19195276498794556,0.15615703165531158,0.15873995423316956,0.0996086448431015,351.3287658691406,264.9832458496094,322.8347442626953
1,464,0.19876991212368011,0.14054109156131744,0.24718746542930603,0.16755034029483795,326.0260314941406,331.2588806152344,327.7528717041016
1,465,0.15311747789382935,0.10899143666028976,0.20137682557106018,0.1199418306350708,264.19189453125,315.2520446777344,281.0417440795899
1,466,0.1745629459619522,0.12360229343175888,0.282938152551651,0.11333422362804413,293.536865234375,415.8729553222656,333.9077749633789
1,467,0.160507470369339,0.11897779256105423,0.2154158651828766,0.09994044899940491,288.53314208984375,330.1839904785156,302.2779220581055
1,468,0.21159705519676208,0.12464550882577896,0.27595847845077515,0.29677850008010864,291.60040283203125,421.54656982421875,334.4826379394531
1,469,0.15831626951694489,0.11220025271177292,0.24607542157173157,0.10754232853651047,273.7791748046875,312.97515869140625,286.7138494873047
1,470,0.19091080129146576,0.11205452680587769,0.5459688901901245,0.1212969571352005,267.0146484375,605.207763671875,378.6183764648438
1,471,0.16167159378528595,0.11385698616504669,0.16745024919509888,0.15534785389900208,273.7202453613281,282.0806579589844,276.4791815185547
1,472,0.13945415616035461,0.10274665057659149,0.12049517035484314,0.12328997254371643,255.1539306640625,249.32240295410156,253.2295265197754
1,473,0.16411817073822021,0.11052335798740387,0.2541640102863312,0.14089204370975494,273.5195617675781,324.52337646484375,290.3508206176758
1,474,0.17072884738445282,0.11220256984233856,0.2773154377937317,0.15397366881370544,263.7369689941406,367.2198486328125,297.88631927490235
1,475,0.20738005638122559,0.12417302280664444,0.44373565912246704,0.1941673755645752,295.2621765136719,580.3330078125,389.33555084228516
1,476,0.17059731483459473,0.12275011092424393,0.1438979208469391,0.16728702187538147,292.6344909667969,299.59857177734375,294.93263763427734
1,477,0.1808202862739563,0.11854278296232224,0.4481324553489685,0.08732122927904129,286.9698486328125,496.26824951171875,356.0383209228516
1,478,0.15156108140945435,0.12348568439483643,0.06405291706323624,0.10835053026676178,297.6754150390625,166.10952758789062,254.2586721801758
1,479,0.18209558725357056,0.12373863905668259,0.17176979780197144,0.20589986443519592,298.4371032714844,273.6705017089844,290.26412475585937
1,480,0.15929022431373596,0.11021745949983597,0.2929939329624176,0.09886683523654938,266.0054016113281,351.759765625,294.3043417358399
1,481,0.14860115945339203,0.1086077019572258,0.20232686400413513,0.09880384057760239,261.61383056640625,293.503173828125,272.13731384277344
1,482,0.13851702213287354,0.10000909864902496,0.28885430097579956,0.048112526535987854,243.05450439453125,325.519775390625,270.2680438232422
1,483,0.1736944615840912,0.11022090166807175,0.2718866467475891,0.18142448365688324,267.1303405761719,366.91632080078125,300.059714050293
1,484,0.15375477075576782,0.11077389121055603,0.25651901960372925,0.08664492517709732,271.0049133300781,302.12115478515625,281.27327301025394
1,485,0.21609975397586823,0.14947441220283508,0.35091477632522583,0.1576693207025528,345.77117919921875,451.08856201171875,380.5259155273438
1,486,0.14640524983406067,0.0988604724407196,0.3494681119918823,0.06298984587192535,238.85333251953125,396.3767395019531,290.8360568237305
1,487,0.1885804831981659,0.1263302117586136,0.2719406485557556,0.17528098821640015,294.4014587402344,369.3057861328125,319.11988677978513
1,488,0.14054743945598602,0.09726355969905853,0.24757859110832214,0.09263011813163757,242.04591369628906,303.7579040527344,262.41087051391605
1,489,0.20380274951457977,0.12304569035768509,0.3056934177875519,0.2509385943412781,290.2495422363281,494.84429931640625,357.76581207275393
1,490,0.15715709328651428,0.11003107577562332,0.2676191031932831,0.10182051360607147,265.86566162109375,325.8628234863281,285.6647250366211
1,491,0.16824541985988617,0.11545524001121521,0.24675031006336212,0.14057575166225433,271.3302307128906,321.0212097167969,287.7282537841797
1,492,0.1674044132232666,0.12846510112285614,0.15989157557487488,0.11475080996751785,295.0487060546875,275.0989990234375,288.46530273437503
1,493,0.18064627051353455,0.12696851789951324,0.33555084466934204,0.1006132960319519,296.5874328613281,394.12994384765625,328.7764614868164
1,494,0.1757107824087143,0.12866275012493134,0.09522907435894012,0.18762564659118652,298.7426452636719,217.1592559814453,271.8201268005371
1,495,0.20606401562690735,0.1326185017824173,0.466775119304657,0.13384002447128296,319.028076171875,535.4783325195312,390.45666076660154
1,496,0.16941098868846893,0.12278372049331665,0.24035054445266724,0.1129610687494278,297.2621765136719,306.1263427734375,300.18735137939456
1,497,0.17134809494018555,0.11292854696512222,0.3663308620452881,0.10893236845731735,278.9701232910156,462.1950378417969,339.43434509277347
1,498,0.15142381191253662,0.11993353068828583,0.15840578079223633,0.07824856042861938,282.75439453125,227.19952392578125,264.4212872314453
1,499,0.17343167960643768,0.1270003616809845,0.20062905550003052,0.13184204697608948,300.8426513671875,288.80364990234375,296.8697808837891
1,500,0.16072766482830048,0.12011086195707321,0.1398603320121765,0.13315384089946747,294.7178649902344,241.43780517578125,277.1354452514649
1,501,0.17044904828071594,0.12249403446912766,0.12918716669082642,0.17518144845962524,291.7573547363281,311.32781982421875,298.21560821533205
1,502,0.1711077243089676,0.11460962146520615,0.21565890312194824,0.1746610403060913,284.8389892578125,316.7010803222656,295.35347930908205
1,503,0.16643890738487244,0.10863931477069855,0.29447418451309204,0.14176085591316223,269.551513671875,374.9672546386719,304.33870819091794
1,504,0.15773914754390717,0.11773435026407242,0.2632855176925659,0.06838123500347137,275.1991271972656,316.04058837890625,288.676809387207
1,505,0.13939672708511353,0.11600789427757263,0.058478787541389465,0.08770477026700974,277.61895751953125,153.17288208007812,236.55175262451172
1,506,0.15222328901290894,0.11453835666179657,0.14475396275520325,0.1160476952791214,281.87908935546875,295.8778381347656,286.49867645263674
1,507,0.15096810460090637,0.10683492571115494,0.20637856423854828,0.11747655272483826,259.0102844238281,293.9075927734375,270.5263961791992
1,508,0.16803519427776337,0.09629521518945694,0.40977728366851807,0.15381130576133728,240.6337127685547,466.2156066894531,315.0757377624512
1,509,0.14090904593467712,0.10477851331233978,0.20678626000881195,0.07725951820611954,255.41073608398438,283.5859069824219,264.70854248046874
1,510,0.16156862676143646,0.11456550657749176,0.2777796983718872,0.0961257740855217,275.4480895996094,344.1939392089844,298.13421997070316
1,511,0.17121772468090057,0.11714452505111694,0.32526856660842896,0.10773177444934845,278.9581298828125,403.4949035644531,320.0552651977539
1,512,0.13759943842887878,0.10696138441562653,0.09025884419679642,0.1080608069896698,262.30902099609375,181.8787384033203,235.76702774047854
1,513,0.17862483859062195,0.11656559258699417,0.3592759370803833,0.13065829873085022,282.1214294433594,456.2912292480469,339.59746337890624
1,514,0.2198745310306549,0.1458694338798523,0.40069323778152466,0.16967883706092834,345.3021545410156,509.55902099609375,399.5069204711914
1,515,0.18152610957622528,0.12974311411380768,0.2787453532218933,0.11954232305288315,306.4756774902344,368.51251220703125,326.94783294677734
1,516,0.20052985846996307,0.10900737345218658,0.5635460615158081,0.1758393496274948,263.5313720703125,667.3948974609375,396.80633544921875
1,517,0.16449663043022156,0.10708397626876831,0.25951525568962097,0.15730567276477814,258.3326416015625,349.6213073730469,288.4579013061524
1,518,0.15110057592391968,0.12038809061050415,0.1310541331768036,0.08803535997867584,291.0069580078125,195.47769165039062,259.48230010986333
1,519,0.15856583416461945,0.1096251979470253,0.26078569889068604,0.11431030184030533,262.8797302246094,330.85205078125,285.3105960083008
1,520,0.13813501596450806,0.10671094059944153,0.17767184972763062,0.06828444451093674,259.51104736328125,235.2948760986328,251.51971084594726
1,521,0.18474547564983368,0.1277969628572464,0.12871575355529785,0.22038468718528748,293.7863464355469,292.45233154296875,293.3461215209961
1,522,0.1431635171175003,0.11421364545822144,0.1206010952591896,0.08444879949092865,270.9939880371094,196.50059509277344,246.41116836547855
1,523,0.15600673854351044,0.1138271614909172,0.2639957666397095,0.07890002429485321,273.85986328125,349.32342529296875,298.7628387451172
1,524,0.16195009648799896,0.11187005788087845,0.21234792470932007,0.14422626793384552,274.2098693847656,298.0828857421875,282.08796478271483
1,525,0.13886481523513794,0.10479414463043213,0.16005173325538635,0.09032745659351349,253.01504516601562,231.67662048339844,245.97336502075197
1,526,0.1851787269115448,0.11804871261119843,0.23344048857688904,0.21892979741096497,285.879150390625,374.3265380859375,315.0667883300781
1,527,0.14847226440906525,0.11424136906862259,0.229027658700943,0.05664066970348358,273.8536071777344,262.74420166015625,270.1875033569336
1,528,0.19952401518821716,0.13410167396068573,0.3523141145706177,0.15095467865467072,313.7179870605469,442.4271545410156,356.19201232910154
1,529,0.18264521658420563,0.10924842208623886,0.37723463773727417,0.17836666107177734,270.48681640625,463.5655822753906,334.2028091430664
1,530,0.17101946473121643,0.12492122501134872,0.3024294972419739,0.0792764276266098,302.3248596191406,375.0931091308594,326.33838195800786
1,531,0.15046396851539612,0.11166942119598389,0.1716282218694687,0.10815861821174622,270.27459716796875,290.4085998535156,276.9188180541992
1,532,0.14259976148605347,0.09317831695079803,0.30358046293258667,0.09531701356172562,229.29656982421875,377.489990234375,278.2003985595703
1,533,0.15515489876270294,0.11024472862482071,0.2951241135597229,0.0769888162612915,267.4674072265625,354.1346740722656,296.06760528564456
1,534,0.14462149143218994,0.11395863443613052,0.07615608721971512,0.11523626744747162,272.6977233886719,155.7050018310547,234.09012527465822
1,535,0.15130068361759186,0.1093297153711319,0.2291531264781952,0.09527823328971863,263.7625427246094,298.55902099609375,275.24538055419924
1,536,0.13855203986167908,0.10371009260416031,0.14929625391960144,0.09956159442663193,252.86856079101562,248.0270538330078,251.27086349487305
1,537,0.14796940982341766,0.11641722917556763,0.05976890027523041,0.12787646055221558,281.7367248535156,193.49908447265625,252.61830352783204
1,538,0.1543227881193161,0.10417084395885468,0.20033669471740723,0.15059134364128113,256.1684265136719,308.7551574707031,273.5220477294922
1,539,0.18952880799770355,0.12991032004356384,0.2758743166923523,0.1601552665233612,309.6391296386719,409.4994812011719,342.59304565429693
1,540,0.14327183365821838,0.10024825483560562,0.22070741653442383,0.1047641783952713,246.60009765625,286.3172912597656,259.70677154541016
1,541,0.18008223176002502,0.11795906722545624,0.2564883530139923,0.1823716163635254,280.4011535644531,356.0684814453125,305.3713717651367
1,542,0.13567757606506348,0.10321208834648132,0.18162274360656738,0.07151603698730469,248.29396057128906,219.23817443847656,238.70555114746094
1,543,0.1929609179496765,0.12226967513561249,0.5298938751220703,0.08850924670696259,284.8264465332031,646.0286254882812,404.0231655883789
1,544,0.1393624246120453,0.09854510426521301,0.15118104219436646,0.12849609553813934,238.98422241210938,253.80638122558594,243.87553482055665
1,545,0.15217433869838715,0.10717703402042389,0.2813906967639923,0.08429114520549774,263.77301025390625,338.7135925292969,288.50340240478516
1,546,0.17016588151454926,0.12803426384925842,0.09407957643270493,0.1636183112859726,307.5818786621094,259.873046875,291.8379641723633
1,547,0.16441601514816284,0.11074106395244598,0.2022540271282196,0.1672477424144745,265.5060119628906,341.1324462890625,290.46273529052735
1,548,0.18637627363204956,0.12414205819368362,0.22831055521965027,0.19701576232910156,294.1209411621094,346.9595947265625,311.55769683837894
1,549,0.1491202563047409,0.10054963082075119,0.22223934531211853,0.13173344731330872,253.97193908691406,341.287841796875,282.7861869812012
1,550,0.19478093087673187,0.14257460832595825,0.2228849232196808,0.1495891660451889,320.1867980957031,321.2684631347656,320.54374755859374
1,551,0.15683434903621674,0.1137237548828125,0.22249826788902283,0.10430380702018738,268.61199951171875,284.7383728027344,273.9337026977539
1,552,0.1940310001373291,0.1255335658788681,0.2862892746925354,0.1993424892425537,297.155517578125,471.8183898925781,354.7942654418946
1,553,0.17036540806293488,0.11318332701921463,0.2680375576019287,0.15189166367053986,271.9947509765625,412.5729064941406,318.38554229736326
1,554,0.17129959166049957,0.11744774132966995,0.3523663282394409,0.09307609498500824,282.2351989746094,413.0265197753906,325.39633483886723
1,555,0.1430274099111557,0.1048102006316185,0.22495070099830627,0.07861071825027466,252.3151397705078,330.4353942871094,278.09482376098634
1,556,0.14128102362155914,0.1059759184718132,0.24062278866767883,0.05621413141489029,258.1870422363281,275.5669250488281,263.92240356445313
1,557,0.1515507698059082,0.10512451827526093,0.38615232706069946,0.039055030792951584,257.6455078125,435.3665466308594,316.2934506225586
1,558,0.14618472754955292,0.10200057923793793,0.21782022714614868,0.11201061308383942,254.28265380859375,296.330810546875,268.1585455322266
1,559,0.1663767695426941,0.11558717489242554,0.15132591128349304,0.17828498780727386,276.07122802734375,299.5556945800781,283.8211019897461
1,560,0.15698614716529846,0.10969403386116028,0.3249532878398895,0.07398390769958496,263.13775634765625,370.2450256347656,298.4831552124024
1,561,0.13514874875545502,0.10264357179403305,0.18907269835472107,0.06798950582742691,249.71728515625,243.86961364746094,247.7875535583496
1,562,0.2086268812417984,0.14962874352931976,0.34483882784843445,0.12257128208875656,345.2257080078125,501.2716064453125,396.7208544921875
1,563,0.11896026134490967,0.09584860503673553,0.12746770679950714,0.051824431866407394,237.90023803710938,178.15762329101562,218.18517517089845
1,564,0.18093188107013702,0.11409800499677658,0.3364543318748474,0.1659422516822815,278.5036926269531,490.43145751953125,348.43985504150396
1,565,0.13693711161613464,0.10808626562356949,0.1307961642742157,0.07885614782571793,263.88214111328125,187.2995147705078,238.60987442016605
1,566,0.14520210027694702,0.110207200050354,0.1986440122127533,0.07565251737833023,268.13201904296875,248.59219360351562,261.6838766479492
1,567,0.13385280966758728,0.09883340448141098,0.18830624222755432,0.08094392716884613,250.08648681640625,297.1208190917969,265.60781646728515
1,568,0.1810121387243271,0.12002891302108765,0.39399826526641846,0.1079169362783432,292.3815612792969,484.9695129394531,355.9355853271485
1,569,0.13480105996131897,0.094484344124794,0.18587732315063477,0.10864490270614624,238.92178344726562,244.46800231933594,240.75203567504883
1,570,0.1508048176765442,0.10604935884475708,0.13024964928627014,0.15865245461463928,264.682861328125,256.0231018066406,261.8251406860352
1,571,0.1823710799217224,0.13680146634578705,0.17240063846111298,0.14164778590202332,321.5383605957031,248.8125,297.5388265991211
1,572,0.18834541738033295,0.1185615286231041,0.3187035918235779,0.18956762552261353,289.78204345703125,436.7889099121094,338.294309387207
1,573,0.14247409999370575,0.10289072245359421,0.22008439898490906,0.08787465840578079,251.24696350097656,277.6162414550781,259.9488252258301
1,574,0.18464045226573944,0.11024477332830429,0.3313782811164856,0.20628923177719116,263.5361328125,515.4607543945312,346.67125793457035
1,575,0.17403718829154968,0.1145535260438919,0.31373265385627747,0.14055201411247253,270.2878723144531,397.3731689453125,312.22602020263673
1,576,0.1896904557943344,0.12286693602800369,0.40308910608291626,0.1325729936361313,287.17315673828125,511.0973205566406,361.0681307983399
1,577,0.1597321331501007,0.11824413388967514,0.24126175045967102,0.08680912852287292,292.92919921875,330.4054260253906,305.2963540649414
1,578,0.17687372863292694,0.12451079487800598,0.21262633800506592,0.15550154447555542,294.1121826171875,325.83203125,304.5797326660156
1,579,0.1723739504814148,0.1270008087158203,0.3004140257835388,0.076658695936203,292.2441101074219,339.7964782714844,307.9363916015625
1,580,0.15133105218410492,0.10918549448251724,0.12350413203239441,0.14897574484348297,271.5643005371094,247.76673889160156,263.71110519409183
1,581,0.1385231763124466,0.10879132896661758,0.04615098237991333,0.1255837231874466,265.6484069824219,193.17111206054688,241.73089965820316
1,582,0.13618552684783936,0.10636057704687119,0.12151271104812622,0.08836840093135834,256.5867614746094,220.8489990234375,244.79329986572264
1,583,0.16800980269908905,0.11724767833948135,0.27780306339263916,0.11490911990404129,279.1181640625,358.2884826660156,305.24436920166016
1,584,0.17212721705436707,0.14085866510868073,0.15100716054439545,0.08083917200565338,327.4904479980469,220.00086975097656,292.01888717651366
1,585,0.1507200449705124,0.11925315111875534,0.09757992625236511,0.10854451358318329,294.1872253417969,202.43743896484375,263.9097958374024
1,586,0.17469169199466705,0.10365188866853714,0.27215662598609924,0.21912068128585815,254.2969512939453,415.31964111328125,307.4344389343262
1,587,0.16833056509494781,0.12303505837917328,0.21498146653175354,0.11898684501647949,286.0771789550781,322.3252258300781,298.0390344238282
1,588,0.1530955582857132,0.11777537316083908,0.20133909583091736,0.07593138515949249,285.6283874511719,253.51870727539062,275.0321929931641
1,589,0.16382937133312225,0.11616382747888565,0.16807609796524048,0.15428966283798218,275.4212951660156,278.01324462890625,276.27663848876955
1,590,0.1352839469909668,0.11332092434167862,0.07008402049541473,0.07477308809757233,278.2415466308594,163.92311096191406,240.51646286010742
1,591,0.1754012107849121,0.1343289315700531,0.18726009130477905,0.1117313802242279,316.6613464355469,296.3517150878906,309.9591680908203
1,592,0.16563071310520172,0.10372043401002884,0.4400408864021301,0.08953097462654114,252.05418395996094,494.5079040527344,332.06391159057614
1,593,0.16921618580818176,0.12047367542982101,0.19331377744674683,0.14705565571784973,281.38543701171875,279.30194091796875,280.69788330078126
1,594,0.17696605622768402,0.12485576421022415,0.30659598112106323,0.10725352168083191,295.5232238769531,387.1858215332031,325.7718811035156
1,595,0.2032686173915863,0.1379706710577011,0.215696781873703,0.21864134073257446,326.8377990722656,339.2149658203125,330.9222640991211
1,596,0.15810850262641907,0.10755711793899536,0.2627243399620056,0.12139476835727692,268.3055419921875,442.9271545410156,325.9306741333008
1,597,0.1773175150156021,0.11261016875505447,0.10828197002410889,0.26939576864242554,271.96551513671875,362.49066162109375,301.8388134765625
1,598,0.1735469251871109,0.12481389194726944,0.27879565954208374,0.10426737368106842,299.01611328125,339.7029724121094,312.4427767944336
1,599,0.1821000576019287,0.12535686790943146,0.2669849991798401,0.15022341907024384,293.9716491699219,361.8601379394531,316.3748504638672
1,600,0.17220793664455414,0.10913176834583282,0.3197484016418457,0.15550664067268372,265.59765625,439.9374694824219,323.12979461669926
1,601,0.15439562499523163,0.10832855105400085,0.2730794847011566,0.09379565715789795,260.34735107421875,346.6146545410156,288.81556121826173
1,602,0.1608990579843521,0.11127965897321701,0.24195563793182373,0.12711922824382782,266.08990478515625,351.24139404296875,294.18989624023436
1,603,0.16208502650260925,0.11371462047100067,0.15611165761947632,0.16379612684249878,272.3659362792969,253.484375,266.13502105712894
1,604,0.13990509510040283,0.10448620468378067,0.13156330585479736,0.11131276190280914,258.0495910644531,222.9384307861328,246.46290817260746
1,605,0.2058437615633011,0.11935419589281082,0.4327201843261719,0.21608778834342957,285.6302185058594,559.093017578125,375.87294219970704
1,606,0.17106124758720398,0.11569858342409134,0.28523969650268555,0.13419345021247864,276.1897888183594,361.276611328125,304.26844024658203
1,607,0.14760489761829376,0.09897399693727493,0.15581098198890686,0.16524899005889893,244.07131958007812,290.7399597167969,259.47197082519534
1,608,0.15214870870113373,0.10495373606681824,0.21571026742458344,0.12811976671218872,254.1328125,301.14886474609375,269.64810974121093
1,609,0.14398805797100067,0.11743266135454178,0.10157120227813721,0.08199139684438705,278.08599853515625,231.38929748535156,262.6760871887207
1,610,0.15632368624210358,0.11431285738945007,0.26242610812187195,0.07884110510349274,279.4243469238281,320.8071594238281,293.08067504882814
1,611,0.16263023018836975,0.10734985768795013,0.26120659708976746,0.14579856395721436,261.4510192871094,457.43621826171875,326.1261349487305
1,612,0.17045481503009796,0.12616440653800964,0.22876808047294617,0.10706796497106552,286.4591979980469,315.2140197753906,295.94828918457034
1,613,0.13051261007785797,0.09924348443746567,0.15229931473731995,0.08019595593214035,242.4056854248047,209.4669952392578,231.53591766357422
1,614,0.13227513432502747,0.0838850736618042,0.25474274158477783,0.11457892507314682,214.34266662597656,336.09783935546875,254.521873626709
1,615,0.17097033560276031,0.12456093728542328,0.2655603885650635,0.09926675260066986,295.0086975097656,337.7541809082031,309.11470703125
1,616,0.1686178743839264,0.09751863777637482,0.32100582122802734,0.1949932724237442,240.2735595703125,483.9253234863281,320.67864166259767
1,617,0.15381820499897003,0.10462463647127151,0.2780057489871979,0.10696492344141006,264.2145690917969,348.75,292.1112612915039
1,618,0.13846029341220856,0.1089220717549324,0.10116764903068542,0.09710729867219925,263.9330749511719,199.25242614746094,242.58846084594728
1,619,0.12324145436286926,0.08673375099897385,0.11074250936508179,0.1271672546863556,218.0803985595703,190.0592498779297,208.8334194946289
1,620,0.21905651688575745,0.13874533772468567,0.4637492299079895,0.16968128085136414,320.52728271484375,584.8873901367188,407.7661181640625
1,621,0.1511298567056656,0.10993406921625137,0.31449294090270996,0.048732489347457886,275.6183166503906,354.534912109375,301.6607931518555
1,622,0.14817938208580017,0.09941406548023224,0.31526583433151245,0.08619367331266403,248.28684997558594,357.4410095214844,284.3077226257324
